home_idx,away_idx,y_home,y_away,stadium_idx,neutral,conf_game,mismatch_home,mismatch_away,week_idx,fcs_fcs,home_conf_idx,away_conf_idx
98,93,21.0,24.0,25,1,1,0,0,0,0,2,2
240,86,38.0,31.0,11,0,0,1,-1,0,0,15,3
97,69,31.0,7.0,174,0,0,0,0,0,0,2,15
267,191,41.0,24.0,121,0,1,0,0,0,0,7,7
80,209,23.0,20.0,62,0,0,0,0,0,0,15,0
201,21,34.0,7.0,210,0,0,0,0,0,0,1,15
186,166,34.0,31.0,227,0,0,0,0,0,0,5,14
23,104,26.0,7.0,76,0,0,1,-1,0,0,14,18
239,207,29.0,0.0,168,0,0,1,-1,0,0,24,16
142,55,24.0,17.0,57,0,0,0,0,0,0,0,1
236,95,17.0,10.0,87,0,0,0,0,0,0,2,7
50,51,35.0,17.0,72,0,0,1,-1,0,0,7,12
2,272,0.0,10.0,129,0,0,0,0,0,0,14,15
53,62,45.0,17.0,260,0,0,1,-1,0,0,0,6
134,32,61.0,6.0,174,0,0,1,-1,0,0,20,25
169,242,27.0,7.0,38,0,0,1,-1,0,0,2,4
83,110,69.0,0.0,127,0,0,-1,1,0,0,23,10
82,210,27.0,0.0,244,0,0,1,-1,0,0,2,23
131,27,23.0,10.0,125,0,0,0,0,0,0,5,14
233,5,52.0,42.0,207,0,0,1,-1,0,0,1,21
270,127,17.0,0.0,53,0,0,0,0,0,0,5,14
38,144,17.0,20.0,100,1,0,0,0,0,0,2,5
194,213,42.0,0.0,236,0,0,1,-1,0,0,15,6
13,216,27.0,30.0,183,0,0,1,-1,0,0,1,25
66,20,42.0,9.0,203,0,0,1,-1,0,0,7,21
257,99,10.0,9.0,10,0,0,0,0,0,0,0,7
36,7,11.0,34.0,28,1,0,0,0,0,0,1,24
129,268,23.0,6.0,237,0,0,0,0,0,0,5,14
97,256,46.0,7.0,174,0,0,1,-1,0,0,2,16
87,266,52.0,3.0,176,0,0,1,-1,0,0,5,4
42,76,20.0,27.0,97,0,0,0,0,0,0,2,0
19,14,24.0,38.0,171,0,0,0,0,0,0,2,20
191,240,21.0,38.0,26,1,0,0,0,0,0,7,15
195,34,14.0,16.0,49,0,0,0,0,0,0,15,14
231,163,23.0,3.0,276,0,0,0,0,0,0,1,5
119,65,39.0,7.0,226,0,0,0,0,0,0,5,1
176,54,61.0,9.0,2,0,0,1,-1,0,0,0,16
218,214,45.0,26.0,182,1,0,0,0,0,0,20,0
181,18,31.0,0.0,221,0,0,0,0,0,0,5,14
143,249,52.0,7.0,189,0,0,1,-1,0,0,1,22
100,125,21.0,17.0,73,0,0,1,-1,0,0,14,9
205,132,17.0,34.0,166,0,0,0,0,0,0,24,20
167,221,14.0,7.0,198,0,0,0,0,0,0,5,20
101,228,24.0,16.0,151,0,0,0,0,0,0,20,14
220,46,65.0,0.0,247,0,0,-1,1,0,0,4,10
250,255,67.0,10.0,43,0,0,-1,1,0,0,19,10
264,185,45.0,3.0,185,0,0,1,-1,0,0,2,16
238,33,59.0,13.0,205,0,0,1,-1,0,0,8,16
22,68,66.0,10.0,15,0,0,1,-1,0,0,0,18
90,170,27.0,14.0,175,0,0,0,0,0,0,5,24
115,59,51.0,17.0,153,0,0,1,-1,0,0,0,25
73,118,45.0,7.0,229,0,0,0,0,0,0,20,24
161,81,19.0,17.0,126,0,0,1,-1,0,0,14,18
93,199,55.0,7.0,133,0,0,1,-1,0,0,2,13
120,217,10.0,42.0,263,0,0,0,0,0,0,14,1
67,3,31.0,17.0,74,0,0,0,0,0,0,0,20
174,145,46.0,11.0,30,0,0,0,0,0,0,5,15
1,26,49.0,13.0,88,0,0,1,-1,0,0,15,18
172,138,59.0,13.0,24,0,0,1,-1,0,0,5,3
108,116,28.0,7.0,271,0,0,1,-1,0,0,7,6
10,4,52.0,7.0,211,0,0,1,-1,0,0,20,21
122,37,45.0,10.0,235,0,0,1,-1,0,0,1,22
253,40,48.0,7.0,233,0,0,0,0,0,0,0,24
168,88,35.0,3.0,180,0,0,1,-1,0,0,20,13
211,261,21.0,31.0,238,0,0,-1,1,0,0,19,10
96,262,45.0,10.0,41,0,0,1,-1,0,0,24,3
92,234,34.0,7.0,150,0,0,1,-1,0,0,5,6
77,106,55.0,7.0,128,1,0,-1,1,0,0,21,10
230,150,38.0,20.0,254,0,0,1,-1,0,0,24,23
98,156,38.0,35.0,33,0,0,1,-1,0,0,2,13
63,111,55.0,0.0,31,0,0,1,-1,0,0,20,16
121,113,54.0,9.0,65,0,0,-1,1,0,0,23,10
11,202,42.0,24.0,58,0,0,1,-1,0,0,24,4
222,245,42.0,24.0,152,0,0,0,0,0,0,20,1
251,35,45.0,3.0,93,0,0,1,-1,0,0,20,4
196,140,38.0,21.0,112,0,0,1,-1,0,0,24,12
267,152,55.0,6.0,121,0,0,1,-1,0,0,7,25
130,15,14.0,34.0,139,0,0,1,-1,0,0,7,25
114,187,24.0,0.0,137,0,0,1,-1,0,0,7,23
128,148,34.0,17.0,184,0,0,0,0,0,0,5,15
39,103,10.0,17.0,177,0,0,0,0,0,0,0,20
241,135,73.0,13.0,162,0,0,0,0,0,0,5,7
225,12,67.0,7.0,142,0,0,1,-1,0,0,2,21
247,244,28.0,16.0,170,0,0,0,0,0,0,15,7
171,75,63.0,7.0,253,0,0,0,0,0,0,20,24
158,105,51.0,0.0,66,0,0,1,-1,0,0,1,23
112,183,12.0,14.0,51,0,0,0,0,0,0,24,1
17,177,69.0,0.0,154,0,0,1,-1,0,0,2,3
224,60,52.0,27.0,37,0,0,0,0,0,0,24,14
232,0,35.0,7.0,60,0,0,1,-1,0,0,1,25
188,57,42.0,13.0,102,0,0,1,-1,0,0,0,23
149,25,19.0,3.0,3,0,0,1,-1,0,0,7,6
69,74,42.0,14.0,252,0,0,0,0,0,0,15,24
9,159,38.0,19.0,187,0,0,1,-1,0,0,2,3
260,85,13.0,10.0,103,0,0,1,-1,0,0,17,3
173,30,15.0,34.0,212,0,0,0,0,0,0,17,0
8,80,40.0,6.0,19,0,0,0,0,0,0,2,15
237,246,10.0,43.0,220,0,0,0,0,0,0,5,2
259,43,38.0,21.0,127,0,0,0,0,0,0,5,15
197,254,24.0,11.0,182,1,0,0,0,0,0,20,0
126,165,27.0,24.0,114,0,0,0,0,0,0,0,8
153,215,14.0,48.0,145,0,0,0,0,0,0,0,2
115,96,28.0,14.0,153,0,0,0,0,1,0,0,24
163,266,42.0,7.0,157,0,0,1,-1,1,0,5,4
119,161,20.0,9.0,226,0,0,0,0,1,0,5,14
21,61,51.0,14.0,6,0,0,1,-1,1,0,15,3
188,19,45.0,48.0,102,0,0,0,0,1,0,0,2
176,34,45.0,17.0,2,0,0,0,0,1,0,0,14
225,100,62.0,14.0,142,0,0,0,0,1,0,2,14
93,92,16.0,13.0,133,0,0,0,0,1,0,2,5
95,108,34.0,24.0,16,0,1,0,0,1,0,7,7
90,99,56.0,9.0,175,0,0,0,0,1,0,5,7
221,195,38.0,7.0,67,0,0,0,0,1,0,20,15
142,253,35.0,31.0,57,0,0,0,0,1,0,0,0
67,57,77.0,3.0,74,0,0,1,-1,1,0,0,23
214,238,27.0,20.0,130,0,0,0,0,1,0,0,8
53,87,19.0,45.0,260,0,0,0,0,1,0,0,5
131,164,66.0,0.0,125,0,0,1,-1,1,0,5,23
174,66,34.0,0.0,30,0,0,0,0,1,0,5,7
222,247,44.0,22.0,152,0,0,0,0,1,0,20,15
217,84,55.0,7.0,161,0,0,1,-1,1,0,1,12
257,265,42.0,10.0,10,0,0,1,-1,1,0,0,22
148,86,32.0,22.0,251,0,0,1,-1,1,0,15,3
186,127,45.0,17.0,227,0,0,0,0,1,0,5,14
120,25,26.0,27.0,263,0,0,1,-1,1,0,14,6
167,77,70.0,0.0,198,0,0,1,-1,1,0,5,21
268,158,30.0,33.0,258,0,0,0,0,1,0,14,1
134,97,42.0,31.0,174,0,0,0,0,1,0,20,2
245,224,36.0,43.0,5,0,0,0,0,1,0,1,24
173,69,27.0,36.0,212,0,0,0,0,1,0,17,15
101,171,23.0,30.0,151,0,1,0,0,1,0,20,20
7,109,20.0,13.0,149,0,0,1,-1,1,0,24,4
39,230,27.0,16.0,177,0,0,0,0,1,0,0,24
143,233,38.0,24.0,189,0,1,0,0,1,0,1,1
218,56,72.0,17.0,190,0,0,1,-1,1,0,20,22
38,23,34.0,20.0,191,0,0,0,0,1,0,2,14
73,15,28.0,6.0,229,0,0,1,-1,1,0,20,25
76,71,59.0,12.0,35,0,0,1,-1,1,0,0,4
172,169,69.0,3.0,24,0,0,0,0,1,0,5,2
42,50,31.0,7.0,97,0,0,0,0,1,0,2,7
27,207,45.0,6.0,248,0,0,1,-1,1,0,14,16
270,130,42.0,10.0,53,0,0,0,0,1,0,5,7
166,264,17.0,10.0,202,0,0,0,0,1,0,14,2
272,162,31.0,7.0,261,0,0,1,-1,1,0,15,13
63,201,16.0,18.0,31,0,0,0,0,1,0,20,1
145,189,20.0,17.0,167,0,0,1,-1,1,0,15,3
10,11,56.0,14.0,262,1,0,0,0,1,0,20,24
205,94,38.0,20.0,166,0,0,1,-1,1,0,24,21
65,64,56.0,14.0,86,0,0,1,-1,1,0,1,21
55,31,56.0,3.0,75,0,0,1,-1,1,0,1,6
118,135,20.0,21.0,136,0,0,0,0,1,0,24,7
30,223,35.0,3.0,52,0,0,1,-1,1,0,0,21
211,258,59.0,13.0,238,0,0,-1,1,1,0,19,10
246,29,63.0,9.0,215,0,0,1,-1,1,0,2,3
170,155,54.0,6.0,225,0,0,1,-1,1,0,24,12
228,267,45.0,21.0,105,0,0,0,0,1,0,14,7
126,20,45.0,3.0,114,0,0,1,-1,1,0,0,21
36,153,3.0,20.0,135,0,0,0,0,1,0,1,0
43,160,21.0,17.0,56,0,0,1,-1,1,0,15,3
75,122,16.0,38.0,59,0,0,0,0,1,0,24,1
60,111,23.0,28.0,224,0,0,1,-1,1,0,14,16
183,82,9.0,35.0,214,0,0,0,0,1,0,1,2
98,13,21.0,24.0,33,0,0,0,0,1,0,2,1
196,231,31.0,33.0,112,0,0,0,0,1,0,24,1
236,154,68.0,7.0,87,0,0,1,-1,1,0,2,6
197,198,38.0,10.0,272,0,0,1,-1,1,0,20,12
241,74,59.0,20.0,162,0,0,0,0,1,0,5,24
129,22,42.0,40.0,237,0,0,0,0,1,0,5,0
254,251,20.0,44.0,156,0,0,0,0,1,0,0,20
103,114,23.0,7.0,245,0,0,0,0,1,0,20,7
144,2,68.0,0.0,179,0,0,0,0,1,0,5,14
14,18,42.0,3.0,143,0,0,0,0,1,0,20,14
40,35,13.0,0.0,42,0,0,1,-1,1,0,24,4
168,128,24.0,13.0,180,0,0,0,0,1,0,20,5
132,9,24.0,20.0,70,0,0,0,0,1,0,20,2
181,204,34.0,17.0,221,0,0,1,-1,1,0,5,13
3,239,73.0,0.0,45,0,0,0,0,1,0,20,24
112,121,34.0,10.0,51,0,0,1,-1,1,0,24,23
240,237,30.0,23.0,11,0,0,0,0,1,0,15,5
149,232,21.0,14.0,3,0,0,0,0,1,0,7,1
244,242,42.0,17.0,243,0,0,1,-1,1,0,7,4
8,262,48.0,3.0,19,0,0,1,-1,1,0,2,3
260,194,36.0,13.0,103,0,0,0,0,1,0,17,15
17,209,27.0,3.0,154,0,0,0,0,1,0,2,0
259,235,70.0,10.0,127,0,0,1,-1,1,0,5,3
80,191,37.0,20.0,62,0,0,0,0,1,0,15,7
257,142,24.0,34.0,10,0,1,0,0,2,0,0,0
90,91,73.0,0.0,175,0,0,1,-1,2,0,5,13
214,41,66.0,24.0,130,0,0,1,-1,2,0,0,18
82,42,36.0,20.0,244,0,1,0,0,2,0,2,2
8,98,23.0,17.0,19,0,0,0,0,2,0,2,2
237,148,10.0,35.0,220,0,0,0,0,2,0,5,15
3,270,38.0,14.0,45,0,0,0,0,2,0,20,5
253,269,55.0,16.0,233,0,0,1,-1,2,0,0,6
119,229,44.0,17.0,226,0,0,1,-1,2,0,5,6
128,34,63.0,3.0,184,0,0,0,0,2,0,5,14
217,168,3.0,42.0,161,0,0,0,0,2,0,1,20
144,83,59.0,7.0,179,0,0,1,-1,2,0,5,23
163,172,14.0,34.0,157,0,1,0,0,2,0,5,5
100,27,28.0,31.0,73,0,1,0,0,2,0,14,14
230,122,7.0,28.0,254,0,0,0,0,2,0,24,1
76,39,24.0,21.0,35,0,1,0,0,2,0,0,0
19,192,42.0,7.0,171,0,0,1,-1,2,0,2,22
14,196,31.0,15.0,143,0,0,0,0,2,0,20,24
134,112,52.0,10.0,174,0,0,0,0,2,0,20,24
18,146,34.0,29.0,231,0,0,1,-1,2,0,14,6
50,238,44.0,41.0,72,0,0,0,0,2,0,7,8
135,188,10.0,28.0,204,0,0,0,0,2,0,7,0
228,140,60.0,0.0,105,0,0,1,-1,2,0,14,12
245,89,48.0,20.0,5,0,0,1,-1,2,0,1,23
38,164,70.0,0.0,191,0,0,1,-1,2,0,2,23
153,184,41.0,6.0,145,0,0,1,-1,2,0,0,18
129,274,41.0,24.0,237,0,0,1,-1,2,0,5,13
158,260,59.0,10.0,66,0,0,0,0,2,0,1,17
264,176,31.0,24.0,185,0,0,0,0,2,0,2,0
225,173,45.0,14.0,142,0,0,0,0,2,0,2,17
174,252,52.0,6.0,30,0,0,1,-1,2,0,5,6
186,151,60.0,10.0,227,0,0,1,-1,2,0,5,12
218,73,41.0,44.0,190,0,1,0,0,2,0,20,20
181,241,17.0,33.0,221,0,1,0,0,2,0,5,5
11,93,16.0,24.0,58,0,0,0,0,2,0,24,2
221,244,27.0,10.0,67,0,0,0,0,2,0,20,7
126,201,49.0,12.0,114,0,0,0,0,2,0,0,1
145,130,13.0,14.0,167,0,0,0,0,2,0,15,7
23,108,23.0,13.0,76,0,0,0,0,2,0,14,7
36,136,42.0,35.0,135,0,0,1,-1,2,0,1,6
132,6,63.0,0.0,70,0,0,1,-1,2,0,20,21
66,65,38.0,28.0,203,0,0,0,0,2,0,7,1
99,125,27.0,13.0,91,0,0,1,-1,2,0,7,9
118,59,38.0,7.0,136,0,0,1,-1,2,0,24,25
87,268,38.0,0.0,176,0,0,0,0,2,0,5,14
74,95,41.0,34.0,12,0,0,0,0,2,0,24,7
171,10,41.0,35.0,253,0,1,0,0,2,0,20,20
183,178,38.0,17.0,214,0,0,1,-1,2,0,1,21
167,166,37.0,9.0,198,0,0,0,0,2,0,5,14
254,170,26.0,45.0,156,0,0,0,0,2,0,0,24
75,141,37.0,21.0,59,0,0,1,-1,2,0,24,13
205,7,38.0,22.0,166,0,1,0,0,2,0,24,24
92,120,47.0,7.0,150,0,0,0,0,2,0,5,14
40,55,0.0,38.0,42,0,0,0,0,2,0,24,1
165,222,40.0,41.0,193,0,0,0,0,2,0,8,20
114,149,49.0,14.0,137,0,1,0,0,2,0,7,7
103,63,20.0,10.0,245,0,1,0,0,2,0,20,20
101,60,48.0,23.0,151,0,0,0,0,2,0,20,14
197,251,7.0,31.0,272,0,1,0,0,2,0,20,20
215,0,42.0,21.0,17,0,0,1,-1,2,0,2,25
272,246,6.0,31.0,261,0,0,0,0,2,0,15,2
232,143,23.0,42.0,60,0,1,0,0,2,0,1,1
231,53,34.0,27.0,276,0,0,0,0,2,0,1,0
243,106,80.0,0.0,218,0,0,-1,1,2,0,23,10
233,2,31.0,28.0,207,0,0,0,0,2,0,1,14
247,1,49.0,30.0,170,0,1,0,0,2,0,15,15
69,203,56.0,7.0,252,0,0,1,-1,2,0,15,21
30,131,27.0,14.0,52,0,0,0,0,2,0,0,5
9,224,34.0,15.0,187,0,0,0,0,2,0,2,24
209,22,30.0,20.0,240,0,1,0,0,2,0,0,0
80,177,23.0,3.0,62,0,0,1,-1,2,0,15,3
36,183,17.0,28.0,135,0,1,0,0,3,0,1,1
169,232,12.0,19.0,38,0,0,0,0,3,0,2,1
186,92,28.0,38.0,227,0,1,0,0,3,0,5,5
39,214,21.0,34.0,177,0,1,0,0,3,0,0,0
254,271,38.0,6.0,156,0,0,1,-1,3,0,0,22
270,119,10.0,27.0,53,0,1,0,0,3,0,5,5
201,198,63.0,14.0,210,0,0,1,-1,3,0,1,12
13,158,38.0,45.0,183,0,1,0,0,3,0,1,1
122,10,32.0,31.0,235,0,0,0,0,3,0,1,20
127,240,38.0,41.0,274,0,0,0,0,3,0,14,15
215,188,35.0,24.0,17,0,0,0,0,3,0,2,0
115,23,40.0,17.0,153,0,0,0,0,3,0,0,14
246,225,10.0,34.0,215,0,1,0,0,3,0,2,2
218,233,56.0,24.0,190,0,0,0,0,3,0,20,1
34,256,49.0,10.0,144,0,0,1,-1,3,0,14,16
179,16,76.0,3.0,27,0,0,-1,1,3,0,19,10
172,173,41.0,7.0,24,0,0,0,0,3,0,5,17
168,14,24.0,17.0,180,0,1,0,0,3,0,20,20
165,181,56.0,30.0,193,0,0,0,0,3,0,8,5
60,112,34.0,31.0,224,0,0,0,0,3,0,14,24
236,153,34.0,9.0,87,0,0,0,0,3,0,2,0
27,230,17.0,21.0,248,0,0,0,0,3,0,14,24
268,228,14.0,13.0,258,0,1,0,0,3,0,14,14
67,100,66.0,10.0,74,0,0,0,0,3,0,0,14
238,18,31.0,25.0,205,0,0,0,0,3,0,8,14
166,71,52.0,35.0,202,0,0,1,-1,3,0,14,4
171,231,45.0,10.0,253,0,0,0,0,3,0,20,1
108,96,13.0,31.0,271,0,0,0,0,3,0,7,24
144,128,27.0,30.0,179,0,1,0,0,3,0,5,5
53,142,45.0,33.0,260,0,1,0,0,3,0,0,0
132,161,38.0,10.0,70,0,0,0,0,3,0,20,14
76,217,45.0,24.0,35,0,0,0,0,3,0,0,1
195,85,31.0,28.0,49,0,0,1,-1,3,0,15,3
97,264,41.0,10.0,174,0,1,0,0,3,0,2,2
99,11,28.0,21.0,91,0,0,0,0,3,0,7,24
139,102,45.0,28.0,134,0,0,-1,1,3,0,19,10
66,50,16.0,38.0,203,0,1,0,0,3,0,7,7
2,54,51.0,7.0,129,0,0,1,-1,3,0,14,16
74,116,45.0,17.0,12,0,0,1,-1,3,0,24,6
135,242,42.0,10.0,204,0,0,1,-1,3,0,7,4
196,40,20.0,38.0,112,0,1,0,0,3,0,24,24
134,197,29.0,20.0,174,0,1,0,0,3,0,20,20
130,118,28.0,42.0,139,0,0,0,0,3,0,7,24
1,21,37.0,49.0,88,0,1,0,0,3,0,15,15
95,141,45.0,10.0,16,0,0,1,-1,3,0,7,13
267,145,31.0,16.0,121,0,0,0,0,3,0,7,15
251,75,70.0,21.0,93,0,0,0,0,3,0,20,24
19,9,24.0,27.0,171,0,1,0,0,3,0,2,2
260,259,24.0,59.0,103,0,0,0,0,3,0,17,5
253,209,48.0,20.0,233,0,1,0,0,3,0,0,0
114,205,30.0,20.0,137,0,0,0,0,3,0,7,24
55,17,13.0,34.0,75,0,0,0,0,3,0,1,2
90,87,63.0,10.0,175,0,1,0,0,3,0,5,5
126,63,26.0,7.0,114,0,0,0,0,3,0,0,20
103,187,56.0,10.0,245,0,0,1,-1,3,0,20,23
247,121,48.0,7.0,170,0,0,1,-1,3,0,15,23
243,226,61.0,13.0,218,0,0,-1,1,3,0,23,10
221,191,55.0,0.0,67,0,0,0,0,3,0,20,7
224,150,35.0,3.0,37,0,0,1,-1,3,0,24,23
244,239,25.0,31.0,243,0,0,0,0,3,0,7,24
43,245,16.0,17.0,56,0,0,0,0,3,0,15,1
42,272,37.0,20.0,97,0,0,0,0,3,0,2,15
194,30,34.0,0.0,236,0,0,0,0,3,0,15,0
241,129,45.0,31.0,162,0,1,0,0,3,0,5,5
80,69,21.0,23.0,62,0,1,0,0,3,0,15,15
55,13,28.0,6.0,75,0,1,0,0,4,0,1,1
253,67,46.0,38.0,233,0,1,0,0,4,0,0,0
9,215,27.0,24.0,187,0,1,0,0,4,0,2,2
173,82,24.0,27.0,212,0,0,0,0,4,0,17,2
214,53,3.0,38.0,130,0,1,0,0,4,0,0,0
176,115,27.0,34.0,2,0,1,0,0,4,0,0,0
131,186,31.0,28.0,125,0,1,0,0,4,0,5,5
87,241,34.0,32.0,176,0,1,0,0,4,0,5,5
158,196,36.0,22.0,66,0,0,0,0,4,0,1,24
166,23,35.0,20.0,202,0,1,0,0,4,0,14,14
97,38,34.0,37.0,174,0,1,0,0,4,0,2,2
98,236,34.0,20.0,33,0,1,0,0,4,0,2,2
10,165,13.0,56.0,211,0,0,0,0,4,0,20,8
257,76,29.0,30.0,10,0,1,0,0,4,0,0,0
251,247,55.0,35.0,93,0,0,0,0,4,0,20,15
34,60,24.0,13.0,144,0,1,0,0,4,0,14,14
96,74,35.0,10.0,41,0,1,0,0,4,0,24,24
239,11,28.0,16.0,168,0,1,0,0,4,0,24,24
228,2,45.0,3.0,105,0,1,0,0,4,0,14,14
264,246,14.0,48.0,185,0,1,0,0,4,0,2,2
169,19,27.0,45.0,38,0,1,0,0,4,0,2,2
27,238,17.0,20.0,248,0,0,0,0,4,0,14,8
127,109,38.0,0.0,274,0,0,1,-1,4,0,14,4
143,183,21.0,13.0,189,0,1,0,0,4,0,1,1
163,237,17.0,14.0,157,0,1,0,0,4,0,5,5
92,90,15.0,20.0,150,0,1,0,0,4,0,5,5
259,167,6.0,24.0,127,0,1,0,0,4,0,5,5
171,103,24.0,19.0,253,0,1,0,0,4,0,20,20
22,30,24.0,28.0,15,0,1,0,0,4,0,0,0
161,194,3.0,6.0,126,0,0,0,0,4,0,14,15
222,14,16.0,10.0,152,0,1,0,0,4,0,20,20
148,149,38.0,20.0,251,0,0,0,0,4,0,15,7
1,80,35.0,44.0,88,0,1,0,0,4,0,15,15
232,231,14.0,31.0,60,0,1,0,0,4,0,1,1
132,218,34.0,41.0,70,0,1,0,0,4,0,20,20
99,130,24.0,16.0,91,0,1,0,0,4,0,7,7
170,108,21.0,7.0,225,0,0,0,0,4,0,24,7
268,182,47.0,14.0,258,0,0,1,-1,4,0,14,6
65,122,26.0,55.0,86,0,1,0,0,4,0,1,1
142,254,21.0,23.0,57,0,1,0,0,4,0,0,0
135,267,22.0,27.0,204,0,1,0,0,4,0,7,7
93,8,39.0,14.0,133,0,1,0,0,4,0,2,2
205,95,42.0,25.0,166,0,0,0,0,4,0,24,7
43,260,3.0,20.0,56,0,0,0,0,4,0,15,17
134,120,42.0,6.0,174,0,0,0,0,4,0,20,14
73,3,21.0,24.0,229,0,1,0,0,4,0,20,20
174,172,24.0,30.0,30,0,1,0,0,4,0,5,5
21,7,47.0,14.0,6,0,0,0,0,4,0,15,24
209,195,30.0,29.0,240,0,0,0,0,4,0,0,15
197,101,35.0,13.0,272,0,1,0,0,4,0,20,20
112,118,54.0,51.0,51,0,1,0,0,4,0,24,24
244,114,11.0,30.0,243,0,1,0,0,4,0,7,7
42,17,21.0,24.0,97,0,1,0,0,4,0,2,2
149,191,37.0,10.0,3,0,1,0,0,5,0,7,7
201,36,54.0,26.0,210,0,1,0,0,5,0,1,1
50,267,24.0,27.0,72,0,1,0,0,5,0,7,7
195,148,35.0,28.0,49,0,1,0,0,5,0,15,15
17,264,38.0,24.0,154,0,1,0,0,5,0,2,2
194,43,45.0,24.0,236,0,1,0,0,5,0,15,15
19,98,35.0,34.0,171,0,1,0,0,5,0,2,2
233,13,13.0,31.0,207,0,1,0,0,5,0,1,1
128,270,24.0,10.0,184,0,1,0,0,5,0,5,5
181,87,27.0,43.0,221,0,1,0,0,5,0,5,5
73,101,35.0,14.0,229,0,1,0,0,5,0,20,20
153,39,10.0,38.0,145,0,1,0,0,5,0,0,0
176,22,48.0,7.0,2,0,1,0,0,5,0,0,0
38,93,38.0,30.0,191,0,1,0,0,5,0,2,2
18,166,20.0,14.0,231,0,1,0,0,5,0,14,14
143,1,34.0,31.0,189,0,0,0,0,5,0,1,15
217,245,27.0,21.0,161,0,1,0,0,5,0,1,1
254,257,23.0,30.0,156,0,1,0,0,5,0,0,0
142,31,56.0,10.0,57,0,0,1,-1,5,0,0,6
120,268,3.0,21.0,263,0,1,0,0,5,0,14,14
8,169,41.0,13.0,19,0,1,0,0,5,0,2,2
188,214,31.0,18.0,102,0,1,0,0,5,0,0,0
237,174,42.0,37.0,220,0,1,0,0,5,0,5,5
163,239,42.0,7.0,157,0,0,0,0,5,0,5,24
3,251,30.0,14.0,45,0,1,0,0,5,0,20,20
2,34,28.0,22.0,129,0,1,0,0,5,0,14,14
119,259,20.0,24.0,226,0,1,0,0,5,0,5,5
161,127,14.0,25.0,126,0,1,0,0,5,0,14,14
27,60,31.0,30.0,248,0,1,0,0,5,0,14,14
238,66,51.0,10.0,205,0,0,0,0,5,0,8,7
7,173,27.0,23.0,149,0,0,0,0,5,0,24,17
75,96,7.0,14.0,59,0,1,0,0,5,0,24,24
165,21,28.0,7.0,193,0,0,0,0,5,0,8,15
63,221,29.0,21.0,31,0,1,0,0,5,0,20,20
115,253,27.0,30.0,153,0,1,0,0,5,0,0,0
144,129,38.0,27.0,179,0,1,0,0,5,0,5,5
11,224,31.0,30.0,58,0,1,0,0,5,0,24,24
168,100,44.0,0.0,180,0,0,0,0,5,0,20,14
170,40,47.0,7.0,225,0,1,0,0,5,0,24,24
272,240,17.0,31.0,261,0,1,0,0,5,0,15,15
183,65,21.0,27.0,214,0,1,0,0,5,0,1,1
230,196,31.0,24.0,254,0,1,0,0,5,0,24,24
82,225,11.0,35.0,244,0,1,0,0,5,0,2,2
67,126,22.0,28.0,74,0,1,0,0,5,0,0,0
215,42,35.0,21.0,17,0,1,0,0,5,0,2,2
222,132,31.0,9.0,152,0,1,0,0,5,0,20,20
236,97,20.0,27.0,87,0,1,0,0,5,0,2,2
167,131,42.0,3.0,198,0,1,0,0,5,0,5,5
122,232,45.0,7.0,235,0,1,0,0,5,0,1,1
69,145,20.0,17.0,252,0,1,0,0,5,0,15,15
30,53,21.0,45.0,52,0,1,0,0,5,0,0,0
130,135,20.0,22.0,139,0,1,0,0,6,0,7,7
244,108,8.0,19.0,243,0,1,0,0,6,0,7,7
99,114,35.0,7.0,91,0,1,0,0,6,0,7,7
231,55,26.0,19.0,276,0,1,0,0,6,0,1,1
74,205,35.0,38.0,12,0,1,0,0,6,0,24,24
191,95,27.0,29.0,26,1,1,0,0,6,0,7,7
158,201,36.0,63.0,66,0,1,0,0,6,0,1,1
259,186,38.0,19.0,127,0,1,0,0,6,0,5,5
43,69,49.0,21.0,56,0,1,0,0,6,0,15,15
169,82,17.0,39.0,38,0,1,0,0,6,0,2,2
87,167,16.0,34.0,176,0,1,0,0,6,0,5,5
129,237,13.0,38.0,237,0,1,0,0,6,0,5,5
67,176,31.0,34.0,74,0,1,0,0,6,0,0,0
2,127,7.0,20.0,129,0,1,0,0,6,0,14,14
38,236,20.0,11.0,191,0,1,0,0,6,0,2,2
188,209,34.0,10.0,102,0,1,0,0,6,0,0,0
96,112,24.0,14.0,41,0,1,0,0,6,0,24,24
23,228,28.0,23.0,76,0,1,0,0,6,0,14,14
134,3,24.0,27.0,174,0,1,0,0,6,0,20,20
13,36,24.0,7.0,183,0,1,0,0,6,0,1,1
171,260,24.0,21.0,253,0,0,0,0,6,0,20,17
140,255,44.0,6.0,123,0,0,-1,1,6,0,12,10
60,161,16.0,10.0,224,0,1,0,0,6,0,14,14
100,120,42.0,6.0,73,0,1,0,0,6,0,14,14
174,163,21.0,22.0,30,0,1,0,0,6,0,5,5
75,7,20.0,41.0,59,0,1,0,0,6,0,24,24
119,144,31.0,34.0,226,0,1,0,0,6,0,5,5
118,170,48.0,24.0,136,0,1,0,0,6,0,24,24
172,90,20.0,30.0,24,0,1,0,0,6,0,5,5
221,168,23.0,6.0,64,1,1,0,0,6,0,20,20
165,142,36.0,7.0,193,0,0,0,0,6,0,8,0
173,257,14.0,39.0,212,0,0,0,0,6,0,17,0
98,215,41.0,28.0,33,0,1,0,0,6,0,2,2
42,93,24.0,17.0,97,0,1,0,0,6,0,2,2
76,254,35.0,20.0,35,0,1,0,0,6,0,0,0
240,1,51.0,48.0,11,0,1,0,0,6,0,15,15
268,18,42.0,0.0,258,0,1,0,0,6,0,14,14
217,143,31.0,32.0,161,0,1,0,0,6,0,1,1
218,10,34.0,31.0,190,0,1,0,0,6,0,20,20
65,233,53.0,33.0,86,0,1,0,0,6,0,1,1
272,195,35.0,28.0,261,0,1,0,0,6,0,15,15
270,92,0.0,37.0,53,0,1,0,0,6,0,5,5
222,63,34.0,17.0,152,0,1,0,0,6,0,20,20
40,239,23.0,8.0,42,0,1,0,0,6,0,24,24
241,128,31.0,13.0,162,0,1,0,0,6,0,5,5
22,39,10.0,41.0,15,0,1,0,0,6,0,0,0
131,181,27.0,20.0,125,0,1,0,0,6,0,5,5
14,73,10.0,20.0,143,0,1,0,0,6,0,20,20
245,183,61.0,13.0,5,0,1,0,0,6,0,1,1
225,97,42.0,17.0,142,0,1,0,0,6,0,2,2
103,197,20.0,10.0,245,0,1,0,0,6,0,20,20
8,17,27.0,33.0,19,0,1,0,0,6,0,2,2
224,230,41.0,48.0,37,0,1,0,0,6,0,24,24
21,148,41.0,25.0,6,0,1,0,0,6,0,15,15
246,9,42.0,10.0,215,0,1,0,0,6,0,2,2
145,194,10.0,44.0,167,0,1,0,0,6,0,15,15
80,247,44.0,26.0,62,0,1,0,0,6,0,15,15
108,149,30.0,27.0,271,0,1,0,0,7,0,7,7
196,11,14.0,15.0,112,0,1,0,0,7,0,24,24
267,66,6.0,25.0,121,0,1,0,0,7,0,7,7
95,50,38.0,25.0,16,0,1,0,0,7,0,7,7
191,244,17.0,35.0,26,1,1,0,0,7,0,7,7
55,232,41.0,27.0,75,0,1,0,0,7,0,1,1
126,115,21.0,24.0,114,0,1,0,0,7,0,0,0
131,144,24.0,6.0,125,0,1,0,0,7,0,5,5
247,195,30.0,25.0,170,0,1,0,0,7,0,15,15
30,153,21.0,18.0,52,0,1,0,0,7,0,0,0
231,13,24.0,17.0,276,0,1,0,0,7,0,1,1
215,19,42.0,36.0,17,0,1,0,0,7,0,2,2
23,34,6.0,27.0,76,0,1,0,0,7,0,14,14
82,8,31.0,28.0,244,0,1,0,0,7,0,2,2
251,103,31.0,24.0,93,0,1,0,0,7,0,20,20
128,259,24.0,7.0,184,0,1,0,0,7,0,5,5
53,76,18.0,27.0,260,0,1,0,0,7,0,0,0
22,238,23.0,38.0,15,0,0,0,0,7,0,0,8
127,60,44.0,30.0,274,0,1,0,0,7,0,14,14
197,168,7.0,26.0,272,0,1,0,0,7,0,20,20
236,264,45.0,13.0,87,0,1,0,0,7,0,2,2
228,100,45.0,10.0,105,0,1,0,0,7,0,14,14
223,255,61.0,10.0,26,0,0,-1,1,7,0,21,10
120,27,21.0,28.0,263,0,1,0,0,7,0,14,14
239,230,14.0,37.0,168,0,1,0,0,7,0,24,24
163,181,19.0,0.0,157,0,1,0,0,7,0,5,5
21,240,56.0,31.0,6,0,1,0,0,7,0,15,15
270,167,0.0,34.0,53,0,1,0,0,7,0,5,5
39,188,24.0,35.0,177,0,1,0,0,7,0,0,0
118,224,40.0,37.0,136,0,1,0,0,7,0,24,24
158,245,55.0,17.0,66,0,1,0,0,7,0,1,1
18,2,42.0,28.0,231,0,1,0,0,7,0,14,14
7,40,37.0,45.0,149,0,1,0,0,7,0,24,24
96,170,63.0,27.0,41,0,1,0,0,7,0,24,24
1,272,24.0,21.0,88,0,1,0,0,7,0,15,15
10,222,42.0,45.0,211,0,1,0,0,7,0,20,20
166,161,48.0,21.0,202,0,1,0,0,7,0,14,14
36,217,14.0,49.0,135,0,1,0,0,7,0,1,1
73,171,43.0,35.0,229,0,1,0,0,7,0,20,20
90,129,38.0,13.0,175,0,1,0,0,7,0,5,5
233,122,31.0,24.0,207,0,1,0,0,7,0,1,1
9,225,26.0,22.0,187,0,1,0,0,7,0,2,2
63,132,23.0,21.0,31,0,1,0,0,7,0,20,20
112,205,10.0,22.0,51,0,1,0,0,7,0,24,24
186,172,10.0,56.0,227,0,1,0,0,7,0,5,5
253,260,22.0,20.0,233,0,0,0,0,7,0,0,17
237,119,20.0,17.0,220,0,1,0,0,7,0,5,5
101,221,13.0,16.0,151,0,1,0,0,7,0,20,20
43,80,19.0,31.0,56,0,1,0,0,7,0,15,15
92,174,25.0,24.0,150,0,1,0,0,7,0,5,5
74,75,41.0,24.0,12,0,1,0,0,7,0,24,24
214,176,13.0,30.0,130,0,1,0,0,7,0,0,0
3,218,37.0,20.0,45,0,1,0,0,7,0,20,20
165,241,34.0,24.0,193,0,0,0,0,7,0,8,5
201,65,48.0,13.0,210,0,1,0,0,7,0,1,1
14,134,17.0,23.0,143,0,1,0,0,7,0,20,20
169,38,17.0,49.0,38,0,1,0,0,7,0,2,2
17,246,24.0,21.0,154,0,1,0,0,7,0,2,2
148,145,24.0,22.0,251,0,1,0,0,7,0,15,15
173,104,45.0,13.0,212,0,0,1,-1,7,0,17,18
209,67,20.0,13.0,240,0,1,0,0,7,0,0,0
66,99,26.0,45.0,203,0,1,0,0,8,0,7,7
114,267,27.0,28.0,137,0,1,0,0,8,0,7,7
50,130,31.0,28.0,72,0,1,0,0,8,0,7,7
149,135,17.0,24.0,3,0,1,0,0,8,0,7,7
75,196,31.0,38.0,59,0,1,0,0,8,0,24,24
36,158,20.0,54.0,135,0,1,0,0,8,0,1,1
254,30,42.0,34.0,156,0,1,0,0,8,0,0,0
145,21,3.0,24.0,167,0,1,0,0,8,0,15,15
168,171,26.0,34.0,180,0,1,0,0,8,0,20,20
76,214,41.0,16.0,35,0,1,0,0,8,0,0,0
90,237,56.0,6.0,175,0,1,0,0,8,0,5,5
153,253,16.0,17.0,145,0,1,0,0,8,0,0,0
97,98,17.0,42.0,174,0,1,0,0,8,0,2,2
257,188,13.0,12.0,10,0,1,0,0,8,0,0,0
144,163,28.0,21.0,179,0,1,0,0,8,0,5,5
181,186,24.0,27.0,221,0,1,0,0,8,0,5,5
170,7,24.0,21.0,225,0,1,0,0,8,0,24,24
122,201,34.0,31.0,235,0,1,0,0,8,0,1,1
100,23,24.0,21.0,73,0,1,0,0,8,0,14,14
60,166,21.0,28.0,224,0,1,0,0,8,0,14,14
10,14,24.0,33.0,211,0,1,0,0,8,0,20,20
27,2,16.0,24.0,248,0,1,0,0,8,0,14,14
148,247,33.0,14.0,251,0,1,0,0,8,0,15,15
183,238,37.0,34.0,214,0,0,0,0,8,0,1,8
197,3,22.0,29.0,272,0,1,0,0,8,0,20,20
69,194,0.0,23.0,252,0,1,0,0,8,0,15,15
93,17,27.0,41.0,133,0,1,0,0,8,0,2,2
176,142,53.0,34.0,2,0,1,0,0,8,0,0,0
34,120,38.0,13.0,144,0,1,0,0,8,0,14,14
143,65,42.0,32.0,189,0,1,0,0,8,0,1,1
232,217,37.0,38.0,60,0,1,0,0,8,0,1,1
127,268,26.0,17.0,274,0,1,0,0,8,0,14,14
251,134,17.0,10.0,93,0,1,0,0,8,0,20,20
92,131,41.0,3.0,150,0,1,0,0,8,0,5,5
161,18,21.0,7.0,126,0,1,0,0,8,0,14,14
260,228,28.0,7.0,103,0,0,0,0,8,0,17,14
205,239,49.0,21.0,166,0,1,0,0,8,0,24,24
259,87,42.0,25.0,127,0,1,0,0,8,0,5,5
225,169,42.0,0.0,142,0,1,0,0,8,0,2,2
38,19,41.0,20.0,191,0,1,0,0,8,0,2,2
132,221,38.0,45.0,70,0,1,0,0,8,0,20,20
264,215,17.0,23.0,185,0,1,0,0,8,0,2,2
126,209,42.0,7.0,114,0,1,0,0,8,0,0,0
11,74,34.0,24.0,58,0,1,0,0,8,0,24,24
230,112,35.0,23.0,254,0,1,0,0,8,0,24,24
172,270,21.0,7.0,24,0,1,0,0,8,0,5,5
272,43,28.0,0.0,261,0,1,0,0,8,0,15,15
115,22,38.0,24.0,153,0,1,0,0,8,0,0,0
103,222,25.0,49.0,245,0,1,0,0,8,0,20,20
129,128,20.0,31.0,237,0,1,0,0,8,0,5,5
101,218,34.0,56.0,151,0,1,0,0,8,0,20,20
9,82,16.0,24.0,187,0,1,0,0,8,0,2,2
246,42,53.0,7.0,215,0,1,0,0,8,0,2,2
99,244,33.0,20.0,91,0,1,0,0,9,0,7,7
224,96,20.0,52.0,37,0,1,0,0,9,0,24,24
130,95,21.0,24.0,139,0,1,0,0,9,0,7,7
135,66,28.0,21.0,204,0,1,0,0,9,0,7,7
245,231,48.0,26.0,5,0,1,0,0,9,0,1,1
40,118,44.0,27.0,42,0,1,0,0,9,0,24,24
183,122,14.0,38.0,214,0,1,0,0,9,0,1,1
214,153,10.0,27.0,130,0,1,0,0,9,0,0,0
114,191,55.0,14.0,137,0,1,0,0,9,0,7,7
167,174,38.0,14.0,198,0,1,0,0,9,0,5,5
188,126,26.0,20.0,102,0,1,0,0,9,0,0,0
158,143,31.0,17.0,66,0,1,0,0,9,0,1,1
82,264,35.0,45.0,244,0,1,0,0,9,0,2,2
19,236,30.0,3.0,171,0,1,0,0,9,0,2,2
238,233,38.0,19.0,205,0,0,0,0,9,0,8,1
23,27,3.0,28.0,76,0,1,0,0,9,0,14,14
221,251,34.0,31.0,67,0,1,0,0,9,0,20,20
1,13,17.0,20.0,88,0,0,0,0,9,0,15,1
87,186,35.0,13.0,176,0,1,0,0,9,0,5,5
39,53,45.0,46.0,177,0,1,0,0,9,0,0,0
93,9,19.0,24.0,133,0,1,0,0,9,0,2,2
217,55,14.0,45.0,161,0,1,0,0,9,0,1,1
240,148,35.0,40.0,11,0,1,0,0,9,0,15,15
254,115,16.0,28.0,156,0,1,0,0,9,0,0,0
21,69,7.0,30.0,6,0,1,0,0,9,0,15,15
239,170,6.0,31.0,168,0,1,0,0,9,0,24,24
131,129,23.0,20.0,125,0,1,0,0,9,0,5,5
63,73,20.0,24.0,85,1,1,0,0,9,0,20,20
209,176,20.0,35.0,240,0,1,0,0,9,0,0,0
267,149,35.0,16.0,121,0,1,0,0,9,0,7,7
196,112,22.0,31.0,112,0,1,0,0,9,0,24,24
119,90,10.0,55.0,226,0,1,0,0,9,0,5,5
22,165,10.0,25.0,15,0,0,0,0,9,0,0,8
98,225,20.0,43.0,33,0,1,0,0,9,0,2,2
108,50,59.0,30.0,271,0,1,0,0,9,0,7,7
30,253,21.0,31.0,52,0,1,0,0,9,0,0,0
268,34,24.0,21.0,258,0,1,0,0,9,0,14,14
97,169,38.0,21.0,174,0,1,0,0,9,0,2,2
10,132,35.0,38.0,211,0,1,0,0,9,0,20,20
42,8,17.0,52.0,97,0,1,0,0,9,0,2,2
194,272,24.0,7.0,236,0,1,0,0,9,0,15,15
128,181,21.0,16.0,184,0,1,0,0,9,0,5,5
171,197,30.0,14.0,253,0,1,0,0,9,0,20,20
218,168,27.0,33.0,190,0,1,0,0,9,0,20,20
67,257,42.0,7.0,74,0,1,0,0,9,0,0,0
14,101,3.0,10.0,143,0,1,0,0,9,0,20,20
173,260,10.0,7.0,212,0,1,0,0,9,0,17,17
142,76,48.0,36.0,57,0,1,0,0,9,0,0,0
144,241,17.0,21.0,179,0,1,0,0,9,0,5,5
230,11,10.0,23.0,254,0,1,0,0,9,0,24,24
246,38,45.0,14.0,215,0,1,0,0,9,0,2,2
195,80,45.0,38.0,49,0,1,0,0,9,0,15,15
166,127,24.0,20.0,202,0,1,0,0,10,0,14,14
2,120,44.0,10.0,129,0,1,0,0,10,0,14,14
228,161,42.0,3.0,105,0,1,0,0,10,0,14,14
18,100,17.0,13.0,231,0,1,0,0,10,0,14,14
7,74,23.0,25.0,149,0,1,0,0,10,0,24,24
201,245,55.0,23.0,210,0,1,0,0,10,0,1,1
236,82,27.0,30.0,87,0,1,0,0,10,0,2,2
122,231,32.0,38.0,235,0,1,0,0,10,0,1,1
241,163,38.0,17.0,162,0,1,0,0,10,0,5,5
132,73,21.0,41.0,70,0,1,0,0,10,0,20,20
22,188,13.0,45.0,15,0,1,0,0,10,0,0,0
13,217,14.0,13.0,183,0,1,0,0,10,0,1,1
225,17,29.0,7.0,142,0,1,0,0,10,0,2,2
264,42,29.0,22.0,185,0,1,0,0,10,0,2,2
118,96,23.0,35.0,136,0,1,0,0,10,0,24,24
11,205,21.0,27.0,58,0,1,0,0,10,0,24,24
190,255,56.0,10.0,55,0,0,-1,1,10,0,9,10
174,90,24.0,27.0,30,0,1,0,0,10,0,5,5
60,23,27.0,21.0,224,0,1,0,0,10,0,14,14
108,135,17.0,21.0,271,0,1,0,0,10,0,7,7
171,227,49.0,0.0,253,0,0,1,-1,10,0,20,22
181,167,10.0,34.0,221,0,1,0,0,10,0,5,5
183,233,24.0,17.0,214,0,1,0,0,10,0,1,1
186,119,35.0,20.0,227,0,1,0,0,10,0,5,5
65,232,40.0,21.0,86,0,1,0,0,10,0,1,1
244,95,27.0,30.0,243,0,1,0,0,10,0,7,7
130,66,30.0,56.0,139,0,1,0,0,10,0,7,7
50,114,25.0,24.0,72,0,1,0,0,10,0,7,7
55,36,48.0,22.0,75,0,1,0,0,10,0,1,1
134,222,17.0,38.0,174,0,1,0,0,10,0,20,20
238,53,37.0,34.0,205,0,0,0,0,10,0,8,0
126,214,38.0,10.0,114,0,1,0,0,10,0,0,0
8,97,24.0,20.0,19,0,1,0,0,10,0,2,2
92,172,16.0,18.0,150,0,1,0,0,10,0,5,5
215,93,17.0,20.0,17,0,1,0,0,10,0,2,2
40,75,40.0,27.0,42,0,1,0,0,10,0,24,24
149,99,21.0,24.0,3,0,1,0,0,10,0,7,7
251,14,45.0,38.0,93,0,1,0,0,10,0,20,20
270,259,13.0,10.0,53,0,1,0,0,10,0,5,5
153,209,20.0,15.0,145,0,1,0,0,10,0,0,0
112,224,42.0,39.0,51,0,1,0,0,10,0,24,24
195,1,16.0,26.0,49,0,1,0,0,10,0,15,15
39,67,24.0,10.0,177,0,1,0,0,10,0,0,0
115,30,26.0,29.0,153,0,1,0,0,10,0,0,0
253,257,9.0,16.0,233,0,1,0,0,10,0,0,0
101,63,38.0,7.0,151,0,1,0,0,10,0,20,20
165,143,49.0,10.0,193,0,0,0,0,10,0,8,1
3,103,20.0,9.0,45,0,1,0,0,10,0,20,20
247,145,51.0,14.0,170,0,1,0,0,10,0,15,15
237,144,21.0,28.0,220,0,1,0,0,10,0,5,5
43,240,10.0,42.0,56,0,1,0,0,10,0,15,15
173,191,17.0,21.0,212,0,0,0,0,10,0,17,7
80,194,38.0,6.0,62,0,1,0,0,10,0,15,15
2,100,35.0,42.0,129,0,1,0,0,11,0,14,14
268,166,17.0,13.0,258,0,1,0,0,11,0,14,14
34,27,38.0,19.0,144,0,1,0,0,11,0,14,14
120,161,3.0,45.0,263,0,1,0,0,11,0,14,14
127,228,3.0,24.0,274,0,1,0,0,11,0,14,14
170,230,33.0,0.0,225,0,1,0,0,11,0,24,24
115,39,19.0,20.0,153,0,1,0,0,11,0,0,0
172,131,42.0,13.0,24,0,1,0,0,11,0,5,5
90,270,31.0,7.0,175,0,1,0,0,11,0,5,5
176,165,15.0,37.0,2,0,0,0,0,11,0,0,8
38,8,24.0,30.0,191,0,1,0,0,11,0,2,2
169,98,6.0,14.0,38,0,1,0,0,11,0,2,2
238,1,26.0,16.0,205,0,0,0,0,11,0,8,15
36,245,7.0,28.0,135,0,1,0,0,11,0,1,1
143,201,41.0,38.0,189,0,1,0,0,11,0,1,1
18,60,9.0,24.0,231,0,1,0,0,11,0,14,14
222,197,31.0,30.0,152,0,1,0,0,11,0,20,20
163,128,22.0,24.0,273,1,1,0,0,11,0,5,5
103,10,23.0,22.0,245,0,1,0,0,11,0,20,20
9,264,25.0,23.0,187,0,1,0,0,11,0,2,2
232,173,31.0,14.0,60,0,0,0,0,11,0,1,17
101,220,42.0,10.0,151,0,0,1,-1,11,0,20,4
233,158,24.0,53.0,207,0,1,0,0,11,0,1,1
75,118,18.0,30.0,59,0,1,0,0,11,0,24,24
148,43,20.0,17.0,251,0,1,0,0,11,0,15,15
135,244,38.0,24.0,204,0,1,0,0,11,0,7,7
225,236,48.0,9.0,142,0,1,0,0,11,0,2,2
239,196,14.0,26.0,168,0,1,0,0,11,0,24,24
205,224,14.0,41.0,166,0,1,0,0,11,0,24,24
126,142,41.0,7.0,114,0,1,0,0,11,0,0,0
53,253,17.0,34.0,260,0,1,0,0,11,0,0,0
22,76,34.0,36.0,15,0,1,0,0,11,0,0,0
129,174,10.0,28.0,237,0,1,0,0,11,0,5,5
87,119,24.0,6.0,176,0,1,0,0,11,0,5,5
241,92,26.0,21.0,162,0,1,0,0,11,0,5,5
145,195,55.0,10.0,167,0,1,0,0,11,0,15,15
267,130,42.0,26.0,121,0,1,0,0,11,0,7,7
3,168,21.0,23.0,45,0,1,0,0,11,0,20,20
96,7,58.0,10.0,41,0,1,0,0,11,0,24,24
55,122,31.0,27.0,75,0,1,0,0,11,0,1,1
231,65,35.0,24.0,276,0,1,0,0,11,0,1,1
218,149,42.0,9.0,190,0,0,0,0,11,0,20,7
257,153,28.0,12.0,10,0,1,0,0,11,0,0,0
66,108,34.0,27.0,203,0,1,0,0,11,0,7,7
74,40,45.0,40.0,12,0,1,0,0,11,0,24,24
240,247,29.0,26.0,11,0,1,0,0,11,0,15,15
191,50,26.0,23.0,26,1,1,0,0,11,0,7,7
19,246,28.0,55.0,171,0,1,0,0,11,0,2,2
259,181,49.0,13.0,127,0,1,0,0,11,0,5,5
171,63,34.0,24.0,253,0,1,0,0,11,0,20,20
167,237,48.0,10.0,198,0,1,0,0,11,0,5,5
67,254,34.0,14.0,74,0,1,0,0,11,0,0,0
73,221,35.0,10.0,229,0,1,0,0,11,0,20,20
134,132,49.0,27.0,174,0,1,0,0,11,0,20,20
95,99,35.0,26.0,16,0,1,0,0,11,0,7,7
260,114,28.0,3.0,103,0,0,0,0,11,0,17,7
17,215,44.0,13.0,154,0,1,0,0,11,0,2,2
69,272,24.0,3.0,252,0,1,0,0,11,0,15,15
194,21,17.0,7.0,236,0,1,0,0,11,0,15,15
23,2,16.0,19.0,76,0,1,0,0,12,0,14,14
166,120,42.0,14.0,202,0,1,0,0,12,0,14,14
161,268,19.0,35.0,126,0,1,0,0,12,0,14,14
27,127,20.0,37.0,248,0,1,0,0,12,0,14,14
100,34,16.0,28.0,73,0,1,0,0,12,0,14,14
11,112,30.0,34.0,58,0,1,0,0,12,0,24,24
142,67,21.0,11.0,57,0,1,0,0,12,0,0,0
240,80,38.0,10.0,11,0,1,0,0,12,0,15,15
257,50,52.0,14.0,10,0,0,0,0,12,0,0,7
168,134,17.0,6.0,180,0,1,0,0,12,0,20,20
188,115,38.0,6.0,102,0,1,0,0,12,0,0,0
254,126,17.0,34.0,156,0,1,0,0,12,0,0,0
222,192,48.0,0.0,152,0,0,1,-1,12,0,20,22
167,186,42.0,9.0,198,0,1,0,0,12,0,5,5
163,131,38.0,35.0,273,1,1,0,0,12,0,5,5
93,97,38.0,14.0,133,0,1,0,0,12,0,2,2
13,232,25.0,26.0,183,0,1,0,0,12,0,1,1
73,36,35.0,3.0,229,0,0,0,0,12,0,20,1
96,260,24.0,20.0,41,0,0,0,0,12,0,24,17
8,19,41.0,17.0,19,0,1,0,0,12,0,2,2
74,170,10.0,45.0,12,0,1,0,0,12,0,24,24
3,58,56.0,0.0,45,0,0,1,-1,12,0,20,4
14,123,62.0,17.0,143,0,0,1,-1,12,0,20,22
99,135,41.0,34.0,91,0,1,0,0,12,0,7,7
228,18,38.0,9.0,105,0,1,0,0,12,0,14,14
272,145,7.0,13.0,261,0,1,0,0,12,0,15,15
7,118,26.0,24.0,149,0,1,0,0,12,0,24,24
244,149,31.0,34.0,243,0,1,0,0,12,0,7,7
65,238,45.0,48.0,86,0,0,0,0,12,0,1,8
130,191,31.0,17.0,139,0,1,0,0,12,0,7,7
233,201,18.0,48.0,207,0,1,0,0,12,0,1,1
114,108,34.0,28.0,137,0,1,0,0,12,0,7,7
92,129,20.0,17.0,150,0,1,0,0,12,0,5,5
172,241,42.0,27.0,24,0,1,0,0,12,0,5,5
251,101,45.0,17.0,93,0,1,0,0,12,0,20,20
196,205,42.0,35.0,112,0,1,0,0,12,0,24,24
245,55,58.0,24.0,5,0,1,0,0,12,0,1,1
66,95,27.0,21.0,203,0,1,0,0,12,0,7,7
165,214,70.0,7.0,193,0,0,0,0,12,0,8,0
221,10,52.0,37.0,67,0,1,0,0,12,0,20,20
153,53,25.0,32.0,145,0,1,0,0,12,0,0,0
217,231,13.0,37.0,161,0,1,0,0,12,0,1,1
236,169,17.0,14.0,87,0,1,0,0,12,0,2,2
119,128,20.0,45.0,226,0,1,0,0,12,0,5,5
82,215,14.0,17.0,244,0,1,0,0,12,0,2,2
246,98,51.0,47.0,215,0,1,0,0,12,0,2,2
230,75,31.0,19.0,254,0,1,0,0,12,0,24,24
197,40,51.0,7.0,272,0,0,0,0,12,0,20,24
39,70,45.0,10.0,177,0,0,1,-1,12,0,0,22
224,239,31.0,14.0,37,0,1,0,0,12,0,24,24
1,148,3.0,20.0,88,0,1,0,0,12,0,15,15
21,43,49.0,21.0,6,0,1,0,0,12,0,15,15
76,176,28.0,42.0,35,0,1,0,0,12,0,0,0
174,144,37.0,10.0,30,0,1,0,0,12,0,5,5
63,218,11.0,31.0,31,0,1,0,0,12,0,20,20
209,30,31.0,10.0,240,0,1,0,0,12,0,0,0
183,158,24.0,56.0,214,0,1,0,0,12,0,1,1
270,87,27.0,10.0,53,0,1,0,0,12,0,5,5
103,267,13.0,10.0,245,0,0,0,0,12,0,20,7
38,17,14.0,26.0,191,0,1,0,0,12,0,2,2
42,9,17.0,42.0,97,0,1,0,0,12,0,2,2
69,247,17.0,28.0,252,0,1,0,0,12,0,15,15
237,259,14.0,48.0,220,0,1,0,0,12,0,5,5
194,195,25.0,3.0,236,0,1,0,0,12,0,15,15
120,23,14.0,45.0,263,0,1,0,0,13,0,14,14
60,268,21.0,31.0,224,0,1,0,0,13,0,14,14
122,143,17.0,28.0,235,0,1,0,0,13,0,1,1
144,92,16.0,40.0,179,0,1,0,0,13,0,5,5
132,171,19.0,38.0,70,0,1,0,0,13,0,20,20
27,166,26.0,31.0,248,0,1,0,0,13,0,14,14
97,246,21.0,31.0,174,0,1,0,0,13,0,2,2
161,100,31.0,35.0,126,0,1,0,0,13,0,14,14
43,1,21.0,42.0,56,0,1,0,0,13,0,15,15
76,73,9.0,16.0,182,1,0,0,0,13,0,0,20
148,194,23.0,17.0,251,0,1,0,0,13,0,15,15
158,217,52.0,25.0,66,0,1,0,0,13,0,1,1
247,21,24.0,25.0,170,0,1,0,0,13,0,15,15
221,222,27.0,17.0,67,0,1,0,0,13,0,20,20
181,90,3.0,56.0,221,0,1,0,0,13,0,5,5
9,8,7.0,23.0,187,0,1,0,0,13,0,2,2
197,39,14.0,28.0,272,0,0,0,0,13,0,20,0
34,228,3.0,21.0,144,0,1,0,0,13,0,14,14
127,18,45.0,24.0,274,0,1,0,0,13,0,14,14
264,225,0.0,49.0,185,0,1,0,0,13,0,2,2
65,55,3.0,42.0,86,0,1,0,0,13,0,1,1
176,126,7.0,38.0,2,0,1,0,0,13,0,0,0
19,82,24.0,31.0,171,0,1,0,0,13,0,2,2
98,42,24.0,14.0,33,0,1,0,0,13,0,2,2
169,93,13.0,20.0,38,0,1,0,0,13,0,2,2
128,167,9.0,27.0,184,0,1,0,0,13,0,5,5
115,101,41.0,0.0,153,0,0,0,0,13,0,0,20
191,66,16.0,56.0,26,1,1,0,0,13,0,7,7
17,236,41.0,21.0,154,0,1,0,0,13,0,2,2
50,244,61.0,31.0,72,0,1,0,0,13,0,7,7
118,74,19.0,24.0,136,0,1,0,0,13,0,24,24
170,75,27.0,10.0,225,0,1,0,0,13,0,24,24
135,114,30.0,42.0,204,0,1,0,0,13,0,7,7
95,267,37.0,34.0,16,0,1,0,0,13,0,7,7
7,11,29.0,30.0,149,0,1,0,0,13,0,24,24
232,233,24.0,31.0,60,0,1,0,0,13,0,1,1
149,130,24.0,31.0,3,0,1,0,0,13,0,7,7
112,239,30.0,27.0,51,0,1,0,0,13,0,24,24
224,196,49.0,26.0,37,0,1,0,0,13,0,24,24
214,22,12.0,34.0,130,0,1,0,0,13,0,0,0
245,13,24.0,27.0,5,0,1,0,0,13,0,1,1
53,257,49.0,32.0,260,0,1,0,0,13,0,0,0
259,172,14.0,26.0,127,0,1,0,0,13,0,5,5
10,134,17.0,31.0,211,0,1,0,0,13,0,20,20
131,270,17.0,7.0,125,0,1,0,0,13,0,5,5
218,251,24.0,45.0,190,0,1,0,0,13,0,20,20
205,230,18.0,28.0,166,0,1,0,0,13,0,24,24
215,38,45.0,23.0,17,0,1,0,0,13,0,2,2
108,99,42.0,48.0,271,0,1,0,0,13,0,7,7
168,103,17.0,13.0,180,0,1,0,0,13,0,20,20
186,174,36.0,40.0,227,0,1,0,0,13,0,5,5
40,96,10.0,59.0,42,0,1,0,0,13,0,24,24
63,67,40.0,21.0,31,0,0,0,0,13,0,20,0
260,173,32.0,8.0,103,0,1,0,0,13,0,17,17
129,119,38.0,28.0,98,1,1,0,0,13,0,5,5
253,254,27.0,7.0,233,0,1,0,0,13,0,0,0
201,183,52.0,3.0,210,0,1,0,0,13,0,1,1
231,36,27.0,0.0,276,0,1,0,0,13,0,1,1
241,237,29.0,10.0,162,0,1,0,0,13,0,5,5
142,153,42.0,19.0,57,0,1,0,0,13,0,0,0
14,3,20.0,27.0,143,0,1,0,0,13,0,20,20
87,163,20.0,13.0,176,0,1,0,0,13,0,5,5
30,188,38.0,35.0,52,0,1,0,0,13,0,0,0
145,240,17.0,42.0,167,0,1,0,0,13,0,15,15
195,69,14.0,41.0,49,0,1,0,0,13,0,15,15
209,165,20.0,49.0,240,0,0,0,0,13,0,0,8
80,272,27.0,7.0,62,0,1,0,0,13,0,15,15
95,99,15.0,19.0,16,0,1,0,0,14,0,7,7
96,230,31.0,14.0,41,0,1,0,0,14,0,24,24
231,158,34.0,21.0,276,0,1,0,0,14,0,1,1
21,240,38.0,21.0,6,0,1,0,0,14,0,15,15
268,127,23.0,13.0,98,1,1,0,0,14,0,14,14
225,17,34.0,7.0,0,1,1,0,0,14,0,2,2
3,73,7.0,28.0,182,1,1,0,0,14,0,20,20
253,53,20.0,27.0,28,1,1,0,0,14,0,0,0
167,90,10.0,13.0,164,1,1,0,0,14,0,5,5
143,13,17.0,16.0,165,1,1,0,0,15,0,1,1
